# Redirects for trailing slash URLs (highest priority)
/services/ /services 301
/contact/ /contact 301

# Service category pages trailing slash redirects
/services/asphalt-paving/ /services/asphalt-paving 301
/services/concrete/ /services/concrete 301
/services/pavers/ /services/pavers 301
/services/sealer/ /services/sealer 301
/services/landscaping/ /services/landscaping 301

# Individual service pages trailing slash redirects
/services/asphalt-paving/installation /services/asphalt-paving/installation 301
/services/asphalt-paving/resurfacing /services/asphalt-paving/resurfacing 301
/services/asphalt-paving/replacement /services/asphalt-paving/replacement 301
/services/asphalt-paving/extension /services/asphalt-paving/extension 301

/services/concrete/walkways /services/concrete/walkways 301
/services/concrete/sidewalks /services/concrete/sidewalks 301
/services/concrete/curbs /services/concrete/curbs 301
/services/concrete/aprons /services/concrete/aprons 301

/services/pavers/installation /services/pavers/installation 301
/services/pavers/maintenance /services/pavers/maintenance 301
/services/pavers/belgium-blocks /services/pavers/belgium-blocks 301

/services/sealer/sealcoating /services/sealer/sealcoating 301
/services/sealer/crack-filling /services/sealer/crack-filling 301
/services/sealer/line-striping /services/sealer/line-striping 301

/services/landscaping/sod-installation /services/landscaping/sod-installation 301
/services/landscaping/drainage /services/landscaping/drainage 301
/services/landscaping/hauling /services/landscaping/hauling 301
/services/landscaping/power-wash /services/landscaping/power-wash 301
/services/landscaping/top-soil /services/landscaping/top-soil 301

# Old service URLs with .html to new structure
/installation.html /services/asphalt-paving/installation 301
/resurfacing.html /services/asphalt-paving/resurfacing 301
/replacement.html /services/asphalt-paving/replacement 301
/extension.html /services/asphalt-paving/extension 301
/sealcoating.html /services/sealer/sealcoating 301
/crack-filling.html /services/sealer/crack-filling 301
/line-striping.html /services/sealer/line-striping 301
/walkways.html /services/concrete/walkways 301
/sidewalks.html /services/concrete/sidewalks 301
/curbs.html /services/concrete/curbs 301
/aprons.html /services/concrete/aprons 301
/paver-installation.html /services/pavers/installation 301
/paver-maintenance.html /services/pavers/maintenance 301
/belgium-blocks.html /services/pavers/belgium-blocks 301
/sod-installation.html /services/landscaping/sod-installation 301
/drainage.html /services/landscaping/drainage 301
/hauling.html /services/landscaping/hauling 301
/power-wash.html /services/landscaping/power-wash 301
/top-soil.html /services/landscaping/top-soil 301

# Old service URLs without .html to new structure (only if they don't conflict)
/installation /services/asphalt-paving/installation 301
/resurfacing /services/asphalt-paving/resurfacing 301
/replacement /services/asphalt-paving/replacement 301
/extension /services/asphalt-paving/extension 301
/sealcoating /services/sealer/sealcoating 301
/crack-filling /services/sealer/crack-filling 301
/line-striping /services/sealer/line-striping 301
/walkways /services/concrete/walkways 301
/sidewalks /services/concrete/sidewalks 301
/curbs /services/concrete/curbs 301
/aprons /services/concrete/aprons 301
/pavers-installation /services/pavers/installation 301
/paver-maintenance /services/pavers/maintenance 301
/belgium-blocks /services/pavers/belgium-blocks 301
/sod-installation /services/landscaping/sod-installation 301
/drainage /services/landscaping/drainage 301
/hauling /services/landscaping/hauling 301
/power-wash /services/landscaping/power-wash 301
/top-soil /services/landscaping/top-soil 301

# Category redirects (old single word URLs)
/asphalt-paving /services/asphalt-paving 301
/concrete /services/concrete 301
/pavers /services/pavers 301
/sealer /services/sealer 301
/landscaping /services/landscaping 301

# Other old URLs
/services.html /services 301
/contact.html /contact 301
/index.html / 301

# Redirect www to non-www
https://www.macpavingandsealcoating.com/* https://macpavingandsealcoating.com/:splat 301!

# Redirect http to https
http://macpavingandsealcoating.com/* https://macpavingandsealcoating.com/:splat 301!
http://www.macpavingandsealcoating.com/* https://macpavingandsealcoating.com/:splat 301!
